CBSA_Code1,CBSA_Code,MSA_Name,Patents_2015
41940,141940,"San Jose-Sunnyvale-Santa Clara, CA",14618
35620,135620,"New York-Northern New Jersey-Long Island, NY-NJ-PA",7754
41860,141860,"San Francisco-Oakland-Fremont, CA",9732
31100,131100,"Los Angeles-Long Beach-Santa Ana, CA",6476
14460,114460,"Boston-Cambridge-Quincy, MA-NH",5949
16980,116980,"Chicago-Joliet-Naperville, IL-IN-WI",3909
41740,141740,"San Diego-Carlsbad-San Marcos, CA",5460
42660,142660,"Seattle-Tacoma-Bellevue, WA",4739
33460,133460,"Minneapolis-St. Paul-Bloomington, MN-WI",3419
19820,119820,"Detroit-Warren-Livonia, MI",3305
19100,119100,"Dallas-Fort Worth-Arlington, TX",3026
12420,112420,"Austin-Round Rock-San Marcos, TX",2700
37980,137980,"Philadelphia-Camden-Wilmington, PA-NJ-DE-MD",2357
26420,126420,"Houston-Sugar Land-Baytown, TX",3186
38900,138900,"Portland-Vancouver-Hillsboro, OR-WA",2163
47900,147900,"Washington-Arlington-Alexandria, DC-VA-MD-WV",2310
12060,112060,"Atlanta-Sandy Springs-Marietta, GA",2143
38060,138060,"Phoenix-Mesa-Glendale, AZ",1764
40380,140380,"Rochester, NY",1217
14260,114260,"Boise City-Nampa, ID",722
39580,139580,"Raleigh-Cary, NC",1535
33100,133100,"Miami-Fort Lauderdale-Pompano Beach, FL",1338
17140,117140,"Cincinnati-Middletown, OH-KY-IN",1048
19740,119740,"Denver-Aurora-Broomfield, CO",1202
17460,117460,"Cleveland-Elyria-Mentor, OH",922
38300,138300,"Pittsburgh, PA",895
10580,110580,"Albany-Schenectady-Troy, NY",1090
12580,112580,"Baltimore-Towson, MD",846
41180,141180,"St. Louis, MO-IL",779
39100,139100,"Poughkeepsie-Newburgh-Middletown, NY",871
14860,114860,"Bridgeport-Stamford-Norwalk, CT",636
14500,114500,"Boulder, CO",831
33340,133340,"Milwaukee-Waukesha-West Allis, WI",689
25540,125540,"Hartford-West Hartford-East Hartford, CT",845
26900,126900,"Indianapolis-Carmel, IN",735
28140,128140,"Kansas City, MO-KS",816
11460,111460,"Ann Arbor, MI",785
40900,140900,"Sacramento--Arden-Arcade--Roseville, CA",659
37100,137100,"Oxnard-Thousand Oaks-Ventura, CA",571
14740,114740,"Bremerton-Silverdale, WA",907
42100,142100,"Santa Cruz-Watsonville, CA",678
49340,149340,"Worcester, MA",637
46060,146060,"Tucson, AZ",641
39300,139300,"Providence-New Bedford-Fall River, RI-MA",496
20500,120500,"Durham-Chapel Hill, NC",607
45300,145300,"Tampa-St. Petersburg-Clearwater, FL",624
41620,141620,"Salt Lake City, UT",643
15540,115540,"Burlington-South Burlington, VT",367
18140,118140,"Columbus, OH",445
35300,135300,"New Haven-Milford, CT",457
40140,140140,"Riverside-San Bernardino-Ontario, CA",484
40340,140340,"Rochester, MN",564
22660,122660,"Fort Collins-Loveland, CO",392
45940,145940,"Trenton-Ewing, NJ",542
10420,110420,"Akron, OH",373
31540,131540,"Madison, WI",455
10900,110900,"Allentown-Bethlehem-Easton, PA-NJ",320
37340,137340,"Palm Bay-Melbourne-Titusville, FL",450
31700,131700,"Manchester-Nashua, NH",376
36740,136740,"Orlando-Kissimmee-Sanford, FL",446
16740,116740,"Charlotte-Gastonia-Rock Hill, NC-SC",451
41700,141700,"San Antonio-New Braunfels, TX",413
15380,115380,"Buffalo-Niagara Falls, NY",254
42060,142060,"Santa Barbara-Santa Maria-Goleta, CA",468
10740,110740,"Albuquerque, NM",294
24860,124860,"Greenville-Mauldin-Easley, SC",479
29820,129820,"Las Vegas-Paradise, NV",418
17820,117820,"Colorado Springs, CO",204
39340,139340,"Provo-Orem, UT",396
19380,119380,"Dayton, OH",260
18700,118700,"Corvallis, OR",135
37900,137900,"Peoria, IL",410
32820,132820,"Memphis, TN-MS-AR",326
39900,139900,"Reno-Sparks, NV",243
42220,142220,"Santa Rosa-Petaluma, CA",233
24540,124540,"Greeley, CO",280
40060,140060,"Richmond, VA",243
30460,130460,"Lexington-Fayette, KY",181
19780,119780,"Des Moines-West Des Moines, IA",218
34980,134980,"Nashville-Davidson--Murfreesboro--Franklin, TN",220
28940,128940,"Knoxville, TN",218
45060,145060,"Syracuse, NY",217
24340,124340,"Grand Rapids-Wyoming, MI",217
31140,131140,"Louisville/Jefferson County, KY-IN",300
13780,113780,"Binghamton, NY",109
26100,126100,"Holland-Grand Haven, MI",166
26620,126620,"Huntsville, AL",190
45780,145780,"Toledo, OH",146
47260,147260,"Virginia Beach-Norfolk-Newport News, VA-NC",143
36420,136420,"Oklahoma City, OK",155
11540,111540,"Appleton, WI",108
16300,116300,"Cedar Rapids, IA",193
27260,127260,"Jacksonville, FL",202
15940,115940,"Canton-Massillon, OH",121
46140,146140,"Tulsa, OK",174
35980,135980,"Norwich-New London, CT",108
23060,123060,"Fort Wayne, IN",141
24660,124660,"Greensboro-High Point, NC",159
36260,136260,"Ogden-Clearfield, UT",197
44140,144140,"Springfield, MA",165
25420,125420,"Harrisburg-Carlisle, PA",125
35840,135840,"North Port-Bradenton-Sarasota, FL",141
36780,136780,"Oshkosh-Neenah, WI",98
35380,135380,"New Orleans-Metairie-Kenner, LA",134
38860,138860,"Portland-South Portland-Biddeford, ME",143
23540,123540,"Gainesville, FL",187
29540,129540,"Lancaster, PA",148
36540,136540,"Omaha-Council Bluffs, NE-IA",178
16580,116580,"Champaign-Urbana, IL",166
48620,148620,"Wichita, KS",110
27060,127060,"Ithaca, NY",140
29140,129140,"Lafayette, IN",191
40420,140420,"Rockford, IL",155
22420,122420,"Flint, MI",120
49180,149180,"Winston-Salem, NC",147
28020,128020,"Kalamazoo-Portage, MI",100
49620,149620,"York-Hanover, PA",114
13820,113820,"Birmingham-Hoover, AL",112
12940,112940,"Baton Rouge, LA",82
43780,143780,"South Bend-Mishawaka, IN-MI",110
39540,139540,"Racine, WI",97
28700,128700,"Kingsport-Bristol-Bristol, TN-VA",75
38940,138940,"Port St. Lucie, FL",93
29620,129620,"Lansing-East Lansing, MI",93
21500,121500,"Erie, PA",91
44060,144060,"Spokane, WA",104
42020,142020,"San Luis Obispo-Paso Robles, CA",117
25860,125860,"Hickory-Lenoir-Morganton, NC",106
28740,128740,"Kingston, NY",77
39740,139740,"Reading, PA",61
16820,116820,"Charlottesville, VA",92
17900,117900,"Columbia, SC",94
35660,135660,"Niles-Benton Harbor, MI",137
21660,121660,"Eugene-Springfield, OR",79
21780,121780,"Evansville, IN-KY",118
19340,119340,"Davenport-Moline-Rock Island, IA-IL",76
28420,128420,"Kennewick-Pasco-Richland, WA",84
16700,116700,"Charleston-North Charleston-Summerville, SC",69
11180,111180,"Ames, IA",84
13980,113980,"Blacksburg-Christiansburg-Radford, VA",84
43900,143900,"Spartanburg, SC",60
41500,141500,"Salinas, CA",74
26180,126180,"Honolulu, HI",88
44300,144300,"State College, PA",72
30700,130700,"Lincoln, NE",72
12540,112540,"Bakersfield-Delano, CA",85
26980,126980,"Iowa City, IA",85
21300,121300,"Elmira, NY",75
14020,114020,"Bloomington, IN",129
49660,149660,"Youngstown-Warren-Boardman, OH-PA",66
42540,142540,"Scranton--Wilkes-Barre, PA",42
40220,140220,"Roanoke, VA",98
44700,144700,"Stockton, CA",94
34940,134940,"Naples-Marco Island, FL",81
11700,111700,"Asheville, NC",57
30860,130860,"Logan, UT-ID",89
19660,119660,"Deltona-Daytona Beach-Ormond Beach, FL",62
18020,118020,"Columbus, IN",91
29180,129180,"Lafayette, LA",62
29020,129020,"Kokomo, IN",36
17780,117780,"College Station-Bryan, TX",67
30780,130780,"Little Rock-North Little Rock-Conway, AR",61
45220,145220,"Tallahassee, FL",52
46700,146700,"Vallejo-Fairfield, CA",67
15980,115980,"Cape Coral-Fort Myers, FL",85
22020,122020,"Fargo, ND-MN",75
40980,140980,"Saginaw-Saginaw Township North, MI",60
48900,148900,"Wilmington, NC",54
23420,123420,"Fresno, CA",72
12260,112260,"Augusta-Richmond County, GA-SC",54
16860,116860,"Chattanooga, TN-GA",45
26820,126820,"Idaho Falls, ID",34
21140,121140,"Elkhart-Goshen, IN",47
13460,113460,"Bend, OR",67
22220,122220,"Fayetteville-Springdale-Rogers, AR-MO",80
12700,112700,"Barnstable Town, MA",52
43100,143100,"Sheboygan, WI",60
33780,133780,"Monroe, MI",56
13380,113380,"Bellingham, WA",56
12020,112020,"Athens-Clarke County, GA",49
41420,141420,"Salem, OR",36
42140,142140,"Santa Fe, NM",50
37860,137860,"Pensacola-Ferry Pass-Brent, FL",48
24580,124580,"Green Bay, WI",42
33700,133700,"Modesto, CA",36
22380,122380,"Flagstaff, AZ",64
21340,121340,"El Paso, TX",34
36500,136500,"Olympia, WA",43
20740,120740,"Eau Claire, WI",43
47940,147940,"Waterloo-Cedar Falls, IA",49
29460,129460,"Lakeland-Winter Haven, FL",40
31340,131340,"Lynchburg, VA",46
17860,117860,"Columbia, MO",34
16620,116620,"Charleston, WV",26
43580,143580,"Sioux City, IA-NE-SD",25
22500,122500,"Florence, SC",23
44180,144180,"Springfield, MO",35
34900,134900,"Napa, CA",43
27500,127500,"Janesville, WI",39
14060,114060,"Bloomington-Normal, IL",74
11340,111340,"Anderson, SC",45
29940,129940,"Lawrence, KS",52
27140,127140,"Jackson, MS",27
20220,120220,"Dubuque, IA",61
27100,127100,"Jackson, MI",39
11260,111260,"Anchorage, AK",26
43620,143620,"Sioux Falls, SD",42
27740,127740,"Johnson City, TN",28
22540,122540,"Fond du Lac, WI",25
36100,136100,"Ocala, FL",25
31180,131180,"Lubbock, TX",25
38340,138340,"Pittsfield, MA",36
11300,111300,"Anderson, IN",33
44100,144100,"Springfield, IL",37
46540,146540,"Utica-Rome, NY",40
27900,127900,"Joplin, MO",25
12220,112220,"Auburn-Opelika, AL",25
31860,131860,"Mankato-North Mankato, MN",41
18580,118580,"Corpus Christi, TX",45
37460,137460,"Panama City-Lynn Haven-Panama City Beach, FL",17
23580,123580,"Gainesville, GA",28
13140,113140,"Beaumont-Port Arthur, TX",34
27180,127180,"Jackson, TN",11
43340,143340,"Shreveport-Bossier City, LA",30
12980,112980,"Battle Creek, MI",27
39140,139140,"Prescott, AZ",30
13020,113020,"Bay City, MI",22
32780,132780,"Medford, OR",51
37620,137620,"Parkersburg-Marietta-Vienna, WV-OH",14
33660,133660,"Mobile, AL",16
42340,142340,"Savannah, GA",34
26380,126380,"Houma-Bayou Cane-Thibodaux, LA",24
20260,120260,"Duluth, MN-WI",34
29100,129100,"La Crosse, WI-MN",22
34060,134060,"Morgantown, WV",32
31740,131740,"Manhattan, KS",39
30980,130980,"Longview, TX",20
24020,124020,"Glens Falls, NY",38
34740,134740,"Muskegon-Norton Shores, MI",15
24780,124780,"Greenville, NC",24
46340,146340,"Tyler, TX",22
33260,133260,"Midland, TX",33
48700,148700,"Williamsport, PA",12
19500,119500,"Decatur, IL",17
42680,142680,"Sebastian-Vero Beach, FL",38
43300,143300,"Sherman-Denison, TX",16
17660,117660,"Coeur d'Alene, ID",35
41980,141980,"San Juan-Caguas-Guaynabo, PR",21
15500,115500,"Burlington, NC",26
39460,139460,"Punta Gorda, FL",22
25180,125180,"Hagerstown-Martinsburg, MD-WV",18
41060,141060,"St. Cloud, MN",21
25060,125060,"Gulfport-Biloxi, MS",12
31420,131420,"Macon, GA",16
12100,112100,"Atlantic City-Hammonton, NJ",12
18880,118880,"Crestview-Fort Walton Beach-Destin, FL",18
33860,133860,"Montgomery, AL",17
28660,128660,"Killeen-Temple-Fort Hood, TX",21
34820,134820,"Myrtle Beach-North Myrtle Beach-Conway, SC",22
41100,141100,"St. George, UT",25
11100,111100,"Amarillo, TX",18
48140,148140,"Wausau, WI",11
24300,124300,"Grand Junction, CO",21
44220,144220,"Springfield, OH",16
30140,130140,"Lebanon, PA",18
17020,117020,"Chico, CA",16
39820,139820,"Redding, CA",16
49020,149020,"Winchester, VA-WV",21
47380,147380,"Waco, TX",17
29740,129740,"Las Cruces, NM",8
34100,134100,"Morristown, TN",16
24220,124220,"Grand Forks, ND-MN",14
28100,128100,"Kankakee-Bradley, IL",10
33540,133540,"Missoula, MT",19
26580,126580,"Huntington-Ashland, WV-KY-OH",14
12620,112620,"Bangor, ME",18
47300,147300,"Visalia-Porterville, CA",12
34580,134580,"Mount Vernon-Anacortes, WA",23
36220,136220,"Odessa, TX",16
19460,119460,"Decatur, AL",12
46220,146220,"Tuscaloosa, AL",25
14540,114540,"Bowling Green, KY",10
49420,149420,"Yakima, WA",7
22180,122180,"Fayetteville, NC",13
29340,129340,"Lake Charles, LA",8
33140,133140,"Michigan City-La Porte, IN",12
22900,122900,"Fort Smith, AR-OK",17
17980,117980,"Columbus, GA-AL",12
45820,145820,"Topeka, KS",8
39380,139380,"Pueblo, CO",18
41140,141140,"St. Joseph, MO-KS",4
19140,119140,"Dalton, GA",9
45460,145460,"Terre Haute, IN",7
20100,120100,"Dover, DE",8
13740,113740,"Billings, MT",13
31020,131020,"Longview, WA",8
17300,117300,"Clarksville, TN-KY",8
31900,131900,"Mansfield, OH",12
33740,133740,"Monroe, LA",12
27780,127780,"Johnstown, PA",7
39660,139660,"Rapid City, SD",10
41780,141780,"Sandusky, OH",9
17420,117420,"Cleveland, TN",4
48660,148660,"Wichita Falls, TX",10
13900,113900,"Bismarck, ND",4
48540,148540,"Wheeling, WV-OH",6
29420,129420,"Lake Havasu City-Kingman, AZ",11
37380,137380,"Palm Coast, FL",13
31460,131460,"Madera-Chowchilla, CA",13
21060,121060,"Elizabethtown, KY",9
36980,136980,"Owensboro, KY",8
32580,132580,"McAllen-Edinburg-Mission, TX",14
41540,141540,"Salisbury, MD",4
16180,116180,"Carson City, NV",5
27860,127860,"Jonesboro, AR",25
22520,122520,"Florence-Muscle Shoals, AL",11
25620,125620,"Hattiesburg, MS",9
34620,134620,"Muncie, IN",7
11020,111020,"Altoona, PA",12
49700,149700,"Yuba City, CA",3
10500,110500,"Albany, GA",28
22140,122140,"Farmington, NM",5
25500,125500,"Harrisonburg, VA",8
32900,132900,"Merced, CA",8
40580,140580,"Rocky Mount, NC",7
16940,116940,"Cheyenne, WY",18
15180,115180,"Brownsville-Harlingen, TX",13
38540,138540,"Pocatello, ID",4
47220,147220,"Vineland-Millville-Bridgeton, NJ",8
37700,137700,"Pascagoula, MS",2
10780,110780,"Alexandria, LA",7
40660,140660,"Rome, GA",8
26300,126300,"Hot Springs, AR",3
16020,116020,"Cape Girardeau-Jackson, MO-IL",2
48300,148300,"Wenatchee-East Wenatchee, WA",6
44600,144600,"Steubenville-Weirton, OH-WV",2
11500,111500,"Anniston-Oxford, AL",5
30340,130340,"Lewiston-Auburn, ME",6
15260,115260,"Brunswick, GA",5
27620,127620,"Jefferson City, MO",10
49740,149740,"Yuma, AZ",5
45500,145500,"Texarkana, TX-Texarkana, AR",2
10180,110180,"Abilene, TX",8
36140,136140,"Ocean City, NJ",5
20020,120020,"Dothan, AL",4
47580,147580,"Warner Robins, GA",5
19180,119180,"Danville, IL",3
30620,130620,"Lima, OH",5
44940,144940,"Sumter, SC",2
47020,147020,"Victoria, TX",3
23460,123460,"Gadsden, AL",1
46660,146660,"Valdosta, GA",5
27340,127340,"Jacksonville, NC",11
19060,119060,"Cumberland, MD-WV",0
21820,121820,"Fairbanks, AK",4
10380,110380,"Aguadilla-Isabela-San Sebasti‡n, PR",3
19260,119260,"Danville, VA",2
24500,124500,"Great Falls, MT",3
16220,116220,"Casper, WY",5
32420,132420,"Mayagźez, PR",3
25260,125260,"Hanford-Corcoran, CA",0
41660,141660,"San Angelo, TX",3
20940,120940,"El Centro, CA",3
24140,124140,"Goldsboro, NC",2
30020,130020,"Lawton, OK",4
30300,130300,"Lewiston, ID-WA",3
29700,129700,"Laredo, TX",4
38220,138220,"Pine Bluff, AR",0
25980,125980,"Hinesville-Fort Stewart, GA",0
38660,138660,"Ponce, PR",0
41900,141900,"San Germ‡n-Cabo Rojo, PR",1
25020,125020,"Guayama, PR",0
49500,149500,"Yauco, PR",1
21940,121940,"Fajardo, PR",0
#VALUE!,,-- Subtotal --,135192
#VALUE!,,,
18500,218500,"Corning, NY",165
33220,233220,"Midland, MI",187
45860,245860,"Torrington, CT",91
20340,220340,"Duncan, OK",60
47700,247700,"Warsaw, IN",149
30100,230100,"Lebanon, NH-VT",96
18180,218180,"Concord, NH",82
12780,212780,"Bartlesville, OK",59
31060,231060,"Los Alamos, NM",50
46020,246020,"Truckee-Grass Valley, CA",38
14580,214580,"Bozeman, MT",50
10540,210540,"Albany-Lebanon, OR",41
23820,223820,"Gardnerville Ranchos, NV",44
49300,249300,"Wooster, OH",52
28060,228060,"Kalispell, MT",29
24820,224820,"Greenville, OH",27
10300,210300,"Adrian, MI",33
39420,239420,"Pullman, WA",46
36860,236860,"Ottawa-Streator, IL",42
39860,239860,"Red Wing, MN",48
10880,210880,"Allegan, MI",26
44380,244380,"Statesville-Mooresville, NC",27
36940,236940,"Owatonna, MN",38
13180,213180,"Beaver Dam, WI",19
48580,248580,"Whitewater, WI",23
48740,248740,"Willimantic, CT",24
44660,244660,"Stillwater, OK",12
45900,245900,"Traverse City, MI",27
18260,218260,"Cookeville, TN",18
32260,232260,"Marshalltown, IA",52
22060,222060,"Faribault-Northfield, MN",35
28300,228300,"Keene, NH",22
27220,227220,"Jackson, WY-ID",26
31820,231820,"Manitowoc, WI",27
25940,225940,"Hilton Head Island-Beaufort, SC",19
20700,220700,"East Stroudsburg, PA",12
20820,220820,"Effingham, IL",17
28580,228580,"Key West, FL",23
48020,248020,"Watertown-Fort Atkinson, WI",18
12180,212180,"Auburn, NY",16
37800,237800,"Pella, IA",16
48820,248820,"Willmar, MN",16
29660,229660,"Laramie, WY",20
40620,240620,"Rolla, MO",20
38620,238620,"Ponca City, OK",2
27980,227980,"Kahului-Wailuku, HI",21
26340,226340,"Houghton, MI",10
11900,211900,"Athens, OH",25
17200,217200,"Claremont, NH",26
23300,223300,"Freeport, IL",12
35420,235420,"New Philadelphia-Dover, OH",12
14660,214660,"Brainerd, MN",26
22300,222300,"Findlay, OH",15
43380,243380,"Sidney, OH",20
42860,242860,"Seneca, SC",9
44260,244260,"Starkville, MS",8
12660,212660,"Baraboo, WI",9
25900,225900,"Hilo, HI",12
48060,248060,"Watertown-Fort Drum, NY",9
29060,229060,"Laconia, NH",14
12740,212740,"Barre, VT",12
36020,236020,"Oak Harbor, WA",23
36820,236820,"Oskaloosa, IA",19
34140,234140,"Moscow, ID",9
47540,247540,"Wapakoneta, OH",13
16540,216540,"Chambersburg, PA",13
14940,214940,"Brigham City, UT",13
26460,226460,"Hudson, NY",10
42380,242380,"Sayre, PA",3
26780,226780,"Hutchinson, MN",16
46180,246180,"Tupelo, MS",9
42580,242580,"Seaford, DE",8
43860,243860,"Southern Pines-Pinehurst, NC",15
44420,244420,"Staunton-Waynesboro, VA",6
40300,240300,"Rochelle, IL",16
12860,212860,"Batavia, NY",5
46380,246380,"Ukiah, CA",10
40860,240860,"Rutland, VT",19
27460,227460,"Jamestown-Dunkirk-Fredonia, NY",8
29300,229300,"LaGrange, GA",7
19300,219300,"Daphne-Fairhope-Foley, AL",13
32100,232100,"Marquette, MI",19
20620,220620,"East Liverpool-Salem, OH",13
45640,245640,"Thomasville-Lexington, NC",15
39060,239060,"Pottsville, PA",13
28340,228340,"Kendallville, IN",6
12140,212140,"Auburn, IN",7
15100,215100,"Brookings, SD",14
35100,235100,"New Bern, NC",11
35340,235340,"New Iberia, LA",8
40080,240080,"Richmond-Berea, KY",6
13540,213540,"Bennington, VT",10
26860,226860,"Indiana, PA",12
24180,224180,"Granbury, TX",18
30740,230740,"Lincolnton, NC",14
47460,247460,"Walla Walla, WA",18
21700,221700,"Eureka-Arcata-Fortuna, CA",5
23900,223900,"Gettysburg, PA",7
45380,245380,"Taylorville, IL",5
41820,241820,"Sanford, NC",14
35500,235500,"Newton, IA",5
38020,238020,"Phoenix Lake-Cedar Ridge, CA",8
27540,227540,"Jasper, IN",6
35260,235260,"New Castle, PA",4
13940,213940,"Blackfoot, ID",7
34700,234700,"Muscatine, IA",6
49100,249100,"Winona, MN",18
29580,229580,"Lancaster, SC",17
10820,210820,"Alexandria, MN",4
32060,232060,"Marion-Herrin, IL",7
36300,236300,"Ogdensburg-Massena, NY",15
24740,224740,"Greenville, MS",4
37020,237020,"Owosso, MI",10
18660,218660,"Cortland, NY",6
20780,220780,"Edwards, CO",20
23660,223660,"Galesburg, IL",5
24420,224420,"Grants Pass, OR",9
30500,230500,"Lexington Park, MD",10
39980,239980,"Richmond, IN",9
11980,211980,"Athens, TX",16
13340,213340,"Bellefontaine, OH",4
32740,232740,"Meadville, PA",9
37820,237820,"Pendleton-Hermiston, OR",5
48940,248940,"Wilmington, OH",8
10700,210700,"Albertville, AL",11
11420,211420,"Angola, IN",6
36900,236900,"Ottumwa, IA",9
11220,211220,"Amsterdam, NY",12
43420,243420,"Sierra Vista-Douglas, AZ",9
16380,216380,"Celina, OH",8
36460,236460,"Olean, NY",7
38820,238820,"Port Angeles, WA",16
26140,226140,"Homosassa Springs, FL",3
38500,238500,"Plymouth, IN",3
27420,227420,"Jamestown, ND",6
28260,228260,"Kearney, NE",10
32270,232270,"Marshfield-Wisconsin Rapids, WI",15
44580,244580,"Sterling, IL",5
11660,211660,"Arkadelphia, AR",0
11780,211780,"Ashtabula, OH",6
13260,213260,"Bedford, IN",7
46300,246300,"Twin Falls, ID",10
20420,220420,"Durango, CO",12
35940,235940,"Norwalk, OH",7
18820,218820,"Crawfordsville, IN",7
43140,243140,"Shelby, NC",6
46100,246100,"Tullahoma, TN",3
19220,219220,"Danville, KY",5
11740,211740,"Ashland, OH",3
22260,222260,"Fergus Falls, MN",16
26480,226480,"Humboldt, TN",2
32700,232700,"McPherson, KS",14
39500,239500,"Quincy, IL-MO",3
43740,243740,"Somerset, PA",8
18100,218100,"Columbus, NE",9
40820,240820,"Ruston, LA",9
24620,224620,"Greeneville, TN",10
12380,212380,"Austin, MN",5
24940,224940,"Greenwood, SC",8
37060,237060,"Oxford, MS",6
36340,236340,"Oil City, PA",11
40500,240500,"Rockland, ME",2
25720,225720,"Heber, UT",11
43540,243540,"Silverthorne, CO",10
14100,214100,"Bloomsburg-Berwick, PA",5
14340,214340,"Boone, IA",12
16060,216060,"Carbondale, IL",6
41580,241580,"Salisbury, NC",10
12300,212300,"Augusta-Waterville, ME",7
31940,231940,"Marinette, WI-MI",6
34340,234340,"Mount Airy, NC",4
18980,218980,"Cullman, AL",4
26220,226220,"Hood River, OR",11
34020,234020,"Morgan City, LA",2
42980,242980,"Seymour, IN",14
25340,225340,"Harriman, TN",6
34380,234380,"Mount Pleasant, MI",3
34540,234540,"Mount Vernon, OH",3
38460,238460,"Plattsburgh, NY",5
11620,211620,"Ardmore, OK",3
15460,215460,"Burlington, IA-IL",8
28820,228820,"Kinston, NC",2
33820,233820,"Monroe, WI",3
18220,218220,"Connersville, IN",1
23620,223620,"Gainesville, TX",13
20380,220380,"Dunn, NC",2
44620,244620,"Stevens Point, WI",5
20660,220660,"Easton, MD",10
30660,230660,"Lincoln, IL",3
37140,237140,"Paducah, KY-IL",8
26540,226540,"Huntington, IN",6
40700,240700,"Roseburg, OR",6
35740,235740,"Norfolk, NE",5
38100,238100,"Picayune, MS",7
26740,226740,"Hutchinson, KS",9
32860,232860,"Menomonie, WI",6
14380,214380,"Boone, NC",6
16660,216660,"Charleston-Mattoon, IL",2
38420,238420,"Platteville, WI",5
47420,247420,"Wahpeton, ND-MN",5
15620,215620,"Cadillac, MI",6
24700,224700,"Greensburg, IN",2
31920,231920,"Marble Falls, TX",4
42700,242700,"Sebring, FL",3
10140,210140,"Aberdeen, WA",4
24100,224100,"Gloversville, NY",5
36580,236580,"Oneonta, NY",8
41460,241460,"Salina, KS",3
42940,242940,"Sevierville, TN",7
10220,210220,"Ada, OK",7
40180,240180,"Riverton, WY",2
44780,244780,"Sturgis, MI",1
24260,224260,"Grand Island, NE",4
25220,225220,"Hammond, LA",3
33420,233420,"Mineral Wells, TX",2
43220,243220,"Shelton, WA",5
19940,219940,"Dixon, IL",15
31980,231980,"Marion, IN",2
46500,246500,"Urbana, OH",3
14700,214700,"Branson, MO",3
22100,222100,"Farmington, MO",6
32940,232940,"Meridian, MS",3
11820,211820,"Astoria, OR",2
19580,219580,"Defiance, OH",2
23140,223140,"Frankfort, IN",6
31380,231380,"Macomb, IL",0
38700,238700,"Pontiac, IL",0
17340,217340,"Clearlake, CA",1
32020,232020,"Marion, OH",2
34180,234180,"Moses Lake, WA",7
34860,234860,"Nacogdoches, TX",5
46980,246980,"Vicksburg, MS",2
47340,247340,"Wabash, IN",1
48980,248980,"Wilson, NC",4
26660,226660,"Huntsville, TX",6
28500,228500,"Kerrville, TX",6
31500,231500,"Madison, IN",12
47980,247980,"Watertown, SD",4
15580,215580,"Butte-Silver Bow, MT",7
17740,217740,"Coldwater, MI",0
33980,233980,"Morehead City, NC",1
40540,240540,"Rock Springs, WY",7
47620,247620,"Warren, PA",0
15860,215860,"Ca–on City, CO",4
34780,234780,"Muskogee, OK",3
37260,237260,"Palatka, FL",3
22800,222800,"Fort Madison-Keokuk, IA-MO",4
38260,238260,"Pittsburg, KS",3
23240,223240,"Fredericksburg, TX",5
28180,228180,"Kapaa, HI",6
29900,229900,"Laurinburg, NC",0
19540,219540,"Decatur, IN",6
21460,221460,"Enterprise-Ozark, AL",1
23340,223340,"Fremont, NE",1
23380,223380,"Fremont, OH",5
28900,228900,"Klamath Falls, OR",6
32180,232180,"Marshall, MO",6
36180,236180,"Ocean Pines, MD",6
44020,244020,"Spirit Lake, IA",2
45660,245660,"Tiffin, OH",6
45700,245700,"Tifton, GA",7
23180,223180,"Frankfort, KY",3
37740,237740,"Payson, AZ",9
13100,213100,"Beatrice, NE",1
21540,221540,"Escanaba, MI",2
41260,241260,"St. Marys, PA",2
49460,249460,"Yankton, SD",5
13220,213220,"Beckley, WV",12
13420,213420,"Bemidji, MN",7
29380,229380,"Lake City, FL",2
36660,236660,"Opelousas-Eunice, LA",4
36700,236700,"Orangeburg, SC",3
10940,210940,"Alma, MI",0
14140,214140,"Bluefield, WV-VA",2
16500,216500,"Centralia, WA",6
17060,217060,"Chillicothe, OH",3
15700,215700,"Cambridge, MD",9
17540,217540,"Clinton, IA",5
32300,232300,"Martinsville, VA",6
16260,216260,"Cedar City, UT",5
20180,220180,"DuBois, PA",3
22580,222580,"Forest City, NC",13
36620,236620,"Ontario, OR-ID",3
18060,218060,"Columbus, MS",3
23860,223860,"Georgetown, SC",5
32980,232980,"Merrill, WI",4
17220,217220,"Clarksburg, WV",2
18460,218460,"Cornelia, GA",5
25740,225740,"Helena, MT",3
30380,230380,"Lewistown, PA",3
32380,232380,"Mason City, IA",8
17940,217940,"Columbia, TN",5
19860,219860,"Dickinson, ND",4
21380,221380,"Emporia, KS",3
38380,238380,"Plainview, TX",3
46460,246460,"Union City, TN-KY",7
14820,214820,"Brevard, NC",3
23940,223940,"Gillette, WY",1
33940,233940,"Montrose, CO",4
23780,223780,"Garden City, KS",3
42900,242900,"Seneca Falls, NY",5
43320,243320,"Show Low, AZ",2
45620,245620,"Thomasville, GA",0
30260,230260,"Lewisburg, PA",5
32220,232220,"Marshall, TX",5
40740,240740,"Roswell, NM",1
45340,245340,"Taos, NM",1
47820,247820,"Washington, NC",4
49060,249060,"Winfield, KS",1
33620,233620,"Moberly, MO",3
44980,244980,"Sunbury, PA",3
15340,215340,"Bucyrus, OH",2
18300,218300,"Coos Bay, OR",1
32140,232140,"Marshall, MN",3
39940,239940,"Rexburg, ID",4
46820,246820,"Vermillion, SD",5
11940,211940,"Athens, TN",4
21580,221580,"Espanola, NM",2
33060,233060,"Miami, OK",1
14620,214620,"Bradford, PA",1
18940,218940,"Crowley, LA",7
22280,222280,"Fernley, NV",3
40780,240780,"Russellville, AR",5
40940,240940,"Safford, AZ",3
22700,222700,"Fort Dodge, IA",3
29860,229860,"Laurel, MS",2
30900,230900,"Logansport, IN",2
10620,210620,"Albemarle, NC",5
17700,217700,"Coffeyville, KS",2
18740,218740,"Coshocton, OH",2
31580,231580,"Madisonville, KY",1
42500,242500,"Scottsburg, IN",1
10020,210020,"Abbeville, LA",1
15420,215420,"Burley, ID",5
22840,222840,"Fort Payne, AL",1
35900,235900,"North Wilkesboro, NC",2
43060,243060,"Shawnee, OK",2
43260,243260,"Sheridan, WY",2
15220,215220,"Brownwood, TX",2
15740,215740,"Cambridge, OH",1
20540,220540,"Dyersburg, TN",2
34500,234500,"Mount Vernon, IL",3
49780,249780,"Zanesville, OH",1
14300,214300,"Bonham, TX",4
19020,219020,"Culpeper, VA",6
20900,220900,"El Campo, TX",0
21740,221740,"Evanston, WY",1
31260,231260,"Lufkin, TX",3
35220,235220,"New Castle, IN",5
39220,239220,"Price, UT",3
46860,246860,"Vernal, UT",5
45540,245540,"The Villages, FL",5
15660,215660,"Calhoun, GA",2
21260,221260,"Ellensburg, WA",6
25300,225300,"Hannibal, MO",0
25580,225580,"Hastings, NE",2
27020,227020,"Iron Mountain, MI-WI",5
32660,232660,"McMinnville, TN",4
35700,235700,"Nogales, AZ",0
37220,237220,"Pahrump, NV",4
42420,242420,"Scottsbluff, NE",3
45740,245740,"Toccoa, GA",1
48180,248180,"Waycross, GA",2
10460,210460,"Alamogordo, NM",2
17380,217380,"Cleveland, MS",2
33500,233500,"Minot, ND",3
13060,213060,"Bay City, TX",1
14780,214780,"Brenham, TX",1
20140,220140,"Dublin, GA",0
25700,225700,"Hays, KS",1
44500,244500,"Stephenville, TX",3
10100,210100,"Aberdeen, SD",5
33580,233580,"Mitchell, SD",1
43940,243940,"Spearfish, SD",2
48780,248780,"Williston, ND",5
14220,214220,"Bogalusa, LA",2
19980,219980,"Dodge City, KS",3
21020,221020,"Elizabeth City, NC",7
33300,233300,"Milledgeville, GA",0
33380,233380,"Minden, LA",0
39780,239780,"Red Bluff, CA",3
43180,243180,"Shelbyville, TN",1
20460,220460,"Durant, OK",2
21220,221220,"Elko, NV",3
21420,221420,"Enid, OK",2
21900,221900,"Fairmont, WV",1
29780,229780,"Las Vegas, NM",0
35580,235580,"New Ulm, MN",1
37540,237540,"Paris, TN",1
11860,211860,"Atchison, KS",1
14180,214180,"Blytheville, AR",2
18900,218900,"Crossville, TN",1
27700,227700,"Jesup, GA",1
13660,213660,"Big Rapids, MI",0
16100,216100,"Carlsbad-Artesia, NM",2
27380,227380,"Jacksonville, TX",0
28620,228620,"Kill Devil Hills, NC",1
11580,211580,"Arcadia, FL",0
16460,216460,"Centralia, IL",2
24460,224460,"Great Bend, KS",0
30060,230060,"Lebanon, MO",1
37500,237500,"Paragould, AR",0
42460,242460,"Scottsboro, AL",2
46780,246780,"Van Wert, OH",4
48220,248220,"Weatherford, OK",8
10760,210760,"Alexander City, AL",2
20980,220980,"El Dorado, AR",5
26260,226260,"Hope, AR",4
31660,231660,"Malone, NY",1
40260,240260,"Roanoke Rapids, NC",1
44860,244860,"Sulphur Springs, TX",2
45180,245180,"Talladega-Sylacauga, AL",5
47780,247780,"Washington, IN",2
45980,245980,"Troy, AL",2
10660,210660,"Albert Lea, MN",1
15900,215900,"Canton, IL",0
25460,225460,"Harrison, AR",0
25780,225780,"Henderson, NC",0
26500,226500,"Huntingdon, PA",6
31620,231620,"Magnolia, AR",1
37940,237940,"Peru, IN",2
42620,242620,"Searcy, AR",0
47660,247660,"Warrensburg, MO",1
25380,225380,"Harrisburg, IL",1
30420,230420,"Lexington, NE",0
38740,238740,"Poplar Bluff, MO",0
41220,241220,"St. Marys, GA",2
43460,243460,"Sikeston, MO",1
10980,210980,"Alpena, MI",4
34300,234300,"Mountain Home, ID",2
37580,237580,"Paris, TX",2
42780,242780,"Selinsgrove, PA",2
43500,243500,"Silver City, NM",1
44340,244340,"Statesboro, GA",0
47080,247080,"Vidalia, GA",1
47920,247920,"Washington Court House, OH",0
48460,248460,"West Plains, MO",1
49380,249380,"Worthington, MN",2
12900,212900,"Batesville, AR",3
16900,216900,"Chester, SC",4
26020,226020,"Hobbs, NM",2
31300,231300,"Lumberton, NC",2
32460,232460,"Mayfield, KY",1
35020,235020,"Natchez, MS-LA",1
42740,242740,"Sedalia, MO",0
45520,245520,"The Dalles, OR",0
47180,247180,"Vincennes, IN",2
24900,224900,"Greenwood, MS",2
26700,226700,"Huron, SD",1
34460,234460,"Mount Sterling, KY",1
37300,237300,"Palestine, TX",0
40760,240760,"Ruidoso, NM",2
43660,243660,"Snyder, TX",2
45140,245140,"Tahlequah, OK",1
47500,247500,"Walterboro, SC",1
15060,215060,"Brookings, OR",1
21640,221640,"Eufaula, AL-GA",0
23500,223500,"Gaffney, SC",2
27940,227940,"Juneau, AK",1
30820,230820,"Lock Haven, PA",1
32500,232500,"Maysville, KY",1
34260,234260,"Mountain Home, AR",1
35860,235860,"North Vernon, IN",1
39260,239260,"Prineville, OR",1
44540,244540,"Sterling, CO",2
45000,245000,"Susanville, CA",1
14420,214420,"Borger, TX",1
23980,223980,"Glasgow, KY",2
29220,229220,"La Follette, TN",3
36060,236060,"Oak Hill, WV",0
43980,243980,"Spencer, IA",2
44740,244740,"Storm Lake, IA",2
44900,244900,"Summerville, GA",0
18340,218340,"Corbin, KY",1
13620,213620,"Berlin, NH-VT",1
18380,218380,"Cordele, GA",0
18420,218420,"Corinth, MS",1
18620,218620,"Corsicana, TX",4
27300,227300,"Jacksonville, IL",3
29980,229980,"Lawrenceburg, TN",0
30220,230220,"Levelland, TX",0
32280,232280,"Martin, TN",0
35140,235140,"Newberry, SC",2
39020,239020,"Portsmouth, OH",0
21120,221120,"Elk City, OK",1
30280,230280,"Lewisburg, TN",2
32540,232540,"McAlester, OK",0
34660,234660,"Murray, KY",2
36380,236380,"Okeechobee, FL",1
42820,242820,"Selma, AL",0
45260,245260,"Tallulah, LA",0
10860,210860,"Alice, TX",0
22980,222980,"Fort Valley, GA",0
35460,235460,"Newport, TN",3
42300,242300,"Sault Ste. Marie, MI",0
30940,230940,"London, KY",2
13700,213700,"Big Spring, TX",2
15780,215780,"Camden, AR",2
19620,219620,"Del Rio, TX",0
21860,221860,"Fairmont, MN",0
21980,221980,"Fallon, NV",3
22620,222620,"Forrest City, AR",1
28380,228380,"Kennett, MO",2
29260,229260,"La Grande, OR",0
32340,232340,"Maryville, MO",0
34220,234220,"Moultrie, GA",1
35820,235820,"North Platte, NE",1
37420,237420,"Pampa, TX",1
38580,238580,"Point Pleasant, WV-OH",0
46260,246260,"Tuskegee, AL",1
13300,213300,"Beeville, TX",0
18860,218860,"Crescent City, CA",1
19760,219760,"DeRidder, LA",2
20060,220060,"Douglas, GA",3
49260,249260,"Woodward, OK",1
16340,216340,"Cedartown, GA",0
22780,222780,"Fort Leonard Wood, MO",1
22820,222820,"Fort Morgan, CO",1
34420,234420,"Mount Pleasant, TX",1
17500,217500,"Clewiston, FL",1
17580,217580,"Clovis, NM",1
24980,224980,"Grenada, MS",2
32620,232620,"McComb, MS",0
33020,233020,"Mexico, MO",0
37660,237660,"Parsons, KS",2
11060,211060,"Altus, OK",0
13500,213500,"Bennettsville, SC",0
15020,215020,"Brookhaven, MS",1
16420,216420,"Central City, KY",0
25100,225100,"Guymon, OK",0
28860,228860,"Kirksville, MO",0
35060,235060,"Natchitoches, LA",1
40460,240460,"Rockingham, NC",0
46420,246420,"Union, SC",1
48100,248100,"Wauchula, FL",1
11140,211140,"Americus, GA",1
15820,215820,"Campbellsville, KY",0
22340,222340,"Fitzgerald, GA",0
28980,228980,"Kodiak, AK",0
15140,215140,"Brownsville, TN",1
19700,219700,"Deming, NM",0
25660,225660,"Havre, MT",1
45580,245580,"Thomaston, GA",2
48500,248500,"West Point, MS",1
11380,211380,"Andrews, TX",0
12460,212460,"Bainbridge, GA",0
12820,212820,"Bastrop, LA",1
19900,219900,"Dillon, SC",0
25820,225820,"Hereford, TX",0
26940,226940,"Indianola, MS",0
38180,238180,"Pierre, SD",0
13860,213860,"Bishop, CA",1
17620,217620,"Coamo, PR",0
20300,220300,"Dumas, TX",0
22860,222860,"Fort Polk South, LA",0
23700,223700,"Gallup, NM",0
30580,230580,"Liberal, KS",0
33180,233180,"Middlesborough, KY",0
43700,243700,"Somerset, KY",0
46620,246620,"Uvalde, TX",0
49540,249540,"Yazoo City, MS",0
28540,228540,"Ketchikan, AK",1
20580,220580,"Eagle Pass, TX",0
29500,229500,"Lamesa, TX",0
38780,238780,"Portales, NM",0
45020,245020,"Sweetwater, TX",0
46900,246900,"Vernon, TX",1
46740,246740,"Valley, AL",0
24380,224380,"Grants, NM",0
27660,227660,"Jennings, LA",0
28780,228780,"Kingsville, TX",0
25760,225760,"Helena-West Helena, AR",0
38200,238200,"Pierre Part, LA",0
40100,240100,"Rio Grande City-Roma, TX",1
17260,217260,"Clarksdale, MS",0
37780,237780,"Pecos, TX",1
39700,239700,"Raymondville, TX",0
42180,242180,"Santa Isabel, PR",1
46580,246580,"Utuado, PR",0
,,-- Subtotal --,4200
,,,
00927,900927,"Non Metro/Micropolitan Statistical Areas, MN",125
00919,900919,"Non Metro/Micropolitan Statistical Areas, IA",104
00955,900955,"Non Metro/Micropolitan Statistical Areas, WI",102
00926,900926,"Non Metro/Micropolitan Statistical Areas, MI",75
00948,900948,"Non Metro/Micropolitan Statistical Areas, TX",75
00917,900917,"Non Metro/Micropolitan Statistical Areas, IL",64
00936,900936,"Non Metro/Micropolitan Statistical Areas, NY",85
00951,900951,"Non Metro/Micropolitan Statistical Areas, VA",46
00918,900918,"Non Metro/Micropolitan Statistical Areas, IN",42
00913,900913,"Non Metro/Micropolitan Statistical Areas, GA",50
00929,900929,"Non Metro/Micropolitan Statistical Areas, MO",43
00908,900908,"Non Metro/Micropolitan Statistical Areas, CO",48
00939,900939,"Non Metro/Micropolitan Statistical Areas, OH",50
00953,900953,"Non Metro/Micropolitan Statistical Areas, WA",30
00920,900920,"Non Metro/Micropolitan Statistical Areas, KS",35
00931,900931,"Non Metro/Micropolitan Statistical Areas, NE",33
00942,900942,"Non Metro/Micropolitan Statistical Areas, PA",42
00947,900947,"Non Metro/Micropolitan Statistical Areas, TN",24
00916,900916,"Non Metro/Micropolitan Statistical Areas, ID",29
00950,900950,"Non Metro/Micropolitan Statistical Areas, VT",27
00937,900937,"Non Metro/Micropolitan Statistical Areas, NC",52
00912,900912,"Non Metro/Micropolitan Statistical Areas, FL",33
00906,900906,"Non Metro/Micropolitan Statistical Areas, CA",28
00921,900921,"Non Metro/Micropolitan Statistical Areas, KY",18
00940,900940,"Non Metro/Micropolitan Statistical Areas, OK",35
00923,900923,"Non Metro/Micropolitan Statistical Areas, ME",25
00930,900930,"Non Metro/Micropolitan Statistical Areas, MT",17
00954,900954,"Non Metro/Micropolitan Statistical Areas, WV",14
00905,900905,"Non Metro/Micropolitan Statistical Areas, AR",26
00956,900956,"Non Metro/Micropolitan Statistical Areas, WY",30
00938,900938,"Non Metro/Micropolitan Statistical Areas, ND",24
00901,900901,"Non Metro/Micropolitan Statistical Areas, AL",14
00928,900928,"Non Metro/Micropolitan Statistical Areas, MS",8
00941,900941,"Non Metro/Micropolitan Statistical Areas, OR",5
00949,900949,"Non Metro/Micropolitan Statistical Areas, UT",18
00946,900946,"Non Metro/Micropolitan Statistical Areas, SD",10
00933,900933,"Non Metro/Micropolitan Statistical Areas, NH",13
00935,900935,"Non Metro/Micropolitan Statistical Areas, NM",6
00902,900902,"Non Metro/Micropolitan Statistical Areas, AK",9
00945,900945,"Non Metro/Micropolitan Statistical Areas, SC",3
00922,900922,"Non Metro/Micropolitan Statistical Areas, LA",1
00925,900925,"Non Metro/Micropolitan Statistical Areas, MA",7
00978,900978,"Non Metro/Micropolitan Statistical Areas, VI",7
00924,900924,"Non Metro/Micropolitan Statistical Areas, MD",2
00932,900932,"Non Metro/Micropolitan Statistical Areas, NV",2
00904,900904,"Non Metro/Micropolitan Statistical Areas, AZ",2
00966,900966,"Non Metro/Micropolitan Statistical Areas, GU",4
00969,900969,"Non Metro/Micropolitan Statistical Areas, MP",0
00972,900972,"Non Metro/Micropolitan Statistical Areas, PR",0
,,-- Subtotal --,1537
,,,
00,100,"Undetermined Statistical Areas, US",0
25,125,"Undetermined Statistical Areas, MA",0
36,136,"Undetermined Statistical Areas, NY",0
06,106,"Undetermined Statistical Areas, CA",0
42,142,"Undetermined Statistical Areas, PA",0
51,151,"Undetermined Statistical Areas, VA",0
12,112,"Undetermined Statistical Areas, FL",0
17,117,"Undetermined Statistical Areas, IL",0
32,132,"Undetermined Statistical Areas, NV",0
34,134,"Undetermined Statistical Areas, NJ",0
37,137,"Undetermined Statistical Areas, NC",0
39,139,"Undetermined Statistical Areas, OH",0
47,147,"Undetermined Statistical Areas, TN",0
48,148,"Undetermined Statistical Areas, TX",0
49,149,"Undetermined Statistical Areas, UT",0
53,153,"Undetermined Statistical Areas, WA",0
,,-- Subtotal --,0
,,,
,---,"TOTAL, ALL AREAS",140928